Nom,Ville,Email,Téléphone,Site Web,Adresse,Formations
ISO - Institut Supérieur d'Optique Lyon,Lyon,isolyon@iso.frs,33437286969,https://www.iso.fr?utm_source=diplomeos,,
ISVM - Institut de Santé du Vivant et du Médico-social - Bordeaux,Bordeaux,admission@isvm.frs,33533064646,Non trouvé,,
IFAMS,Paris,contact@ifams.frs,0188406080,https://ifams.fr/?utm_source=diplomeos,,
IFEC -  institut franco-européen de chiropraxie - Paris,Ivry-sur-Seine,contact@ifec.nets,33145158910,https://www.ifec.net?utm_source=diplomeos,,
IFEC -  institut franco-européen de chiropraxie - Toulouse,Toulouse,contact@ifec.nets,0561162310,https://www.ifec.net?utm_source=diplomeos,,
ISVM - Institut de Santé du Vivant et du Médico-social - Nantes,Nantes,admission@isvm.frs,33285521359,Non trouvé,,
ISO - Institut Supérieur d'Optique Rennes,Rennes,Non trouvé,Non trouvé,Non trouvé,,
ISO - Institut Supérieur d'Optique Nancy,Nancy,Non trouvé,Non trouvé,Non trouvé,,
Prépa Vésale,Strasbourg,Non trouvé,Non trouvé,Non trouvé,,
Diploma Santé- La Prépa Santé,Paris,Non trouvé,Non trouvé,Non trouvé,,
Edgo Les Herbiers,Les Herbiers,Non trouvé,Non trouvé,Non trouvé,,
ESOL Nice,Nice,Non trouvé,Non trouvé,Non trouvé,,
ESOL Dijon,Dijon,Non trouvé,Non trouvé,Non trouvé,,
ESAO (European School of Animal Ostheopathy),Lisieux,Non trouvé,Non trouvé,Non trouvé,,
Cours Agora Montpellier,Montpellier,Non trouvé,Non trouvé,Non trouvé,,
Cours Agora Nîmes,Nîmes,Non trouvé,Non trouvé,Non trouvé,,
EKCHUG - Ecole de kinésithérapie du CHU de Grenoble,Grenoble,Non trouvé,Non trouvé,Non trouvé,,
Ecole d'aides-soignants de la Croix-Rouge française,Lyon,Non trouvé,Non trouvé,Non trouvé,,
Ecole auxiliaires de puériculture hôpital de pédiatrie de Bullion,Versailles,Non trouvé,Non trouvé,Non trouvé,,
Cycle préparatoire aux concours d'entrée dans les instituts médicaux et paramédicaux,Poitiers,Non trouvé,Non trouvé,Non trouvé,,
Césame - Ecole des métiers de la santé,Lyon,Non trouvé,Non trouvé,Non trouvé,,
Cours privé Gamma,Toulouse,Non trouvé,Non trouvé,Non trouvé,,
Cours Major,Toulouse,Non trouvé,Non trouvé,Non trouvé,,
CNQAOS - Commission Nationale de qualification des assistants odonto-stomatologie,Rennes,Non trouvé,Non trouvé,Non trouvé,,
CNQAOS - Commission Nationale de qualification des assistants en odonto-stomatologie,Quimper,Non trouvé,Non trouvé,Non trouvé,,
Faculté Libre d'Etiopathie de Lyon,Lyon,Non trouvé,Non trouvé,Non trouvé,,
IMT - Institut des métiers et des technologies des produits de santé,Tours,Non trouvé,Non trouvé,Non trouvé,,
IPECO - Institut de préparation aux examens et concours,Poitiers,Non trouvé,Non trouvé,Non trouvé,,
IFSI - Institut de formation public varois des professions de santé,Toulon,Non trouvé,Non trouvé,Non trouvé,,
Institut de Formation Interhospitalier Théodore Simon,Bobigny,Non trouvé,Non trouvé,Non trouvé,,
IFSI - Institut de formation en soins infirmiers institut hospitalier franco britannique,Nanterre,Non trouvé,Non trouvé,Non trouvé,,
IFSI IFAS - Institut de formation en soins infirmiers Florence Nightingale,Bordeaux,Non trouvé,Non trouvé,Non trouvé,,
IFSI - IFAS - Institut de formation en soins infirmiers et d'aides-soignants - Croix-Rouge française de Valence,Valence,Non trouvé,Non trouvé,Non trouvé,,
IFSI - IFAS - Institut de formation en soins infirmiers et d'aides-soignants - centre hospitalier Aubenas,Privas,Non trouvé,Non trouvé,Non trouvé,,
IFSI - Institut de formation en soins infirmiers de l'hôpital Roger Prévot,Cergy,Non trouvé,Non trouvé,Non trouvé,,
IFSI CRF - Institut de formation en soins infirmiers de la Croix-Rouge française,Angoulême,Non trouvé,Non trouvé,Non trouvé,,
IFSI - Institut de formation en soins infirmiers de la Croix-Rouge française,Nîmes,Non trouvé,Non trouvé,Non trouvé,,
IFSI - Institut de formation en soins infirmiers de la Croix-Rouge française,Lons-le-Saunier,Non trouvé,Non trouvé,Non trouvé,,
IFSI - Institut de formation en soins infirmiers CHS Sainte-Marie,Nice,Non trouvé,Non trouvé,Non trouvé,,
Institut de formation en soins infirmiers CH de,Lyon,Non trouvé,Non trouvé,Non trouvé,,
IFSI - Institut de formation en soins infirmiers CH René Dubos,Cergy,Non trouvé,Non trouvé,Non trouvé,,
IFSI - Institut de formation en soins infirmiers - Centre hospitalier,Rodez,Non trouvé,Non trouvé,Non trouvé,,
Etudes plus - Médic plus,Saint-Étienne,Non trouvé,Non trouvé,Non trouvé,,
IFSI - Institut de formation en soins infirmiers - Centre hospitalier,Besançon,Non trouvé,Non trouvé,Non trouvé,,
IFSI - Institut de formation en soins infirmiers - Centre hospitalier,Moulins,Non trouvé,Non trouvé,Non trouvé,,
IFSI - Institut de formation en soins infirmiers,Cahors,Non trouvé,Non trouvé,Non trouvé,,
IFSI - Institut de formation en soins infirmiers,Tours,Non trouvé,Non trouvé,Non trouvé,,
Institut de formation en soins infirmiers,Agen,Non trouvé,Non trouvé,Non trouvé,,
EFESUP,Clermont-Ferrand,Non trouvé,Non trouvé,Non trouvé,,
ESSSE - Ecole santé social sud-est,Lyon,Non trouvé,Non trouvé,Non trouvé,,
Ecole Rockefeller,Lyon,Non trouvé,Non trouvé,Non trouvé,,
Ecole privée internationale d'esthétique et de cosmétologie F. Morice,Paris,Non trouvé,Non trouvé,Non trouvé,,
ENVA - Ecole nationale vétérinaire d'Alfort,Créteil,Non trouvé,Non trouvé,Non trouvé,,
Learning,Tulle,Non trouvé,Non trouvé,Non trouvé,,
La prépa Jean-Jacques Rousseau,Reims,Non trouvé,Non trouvé,Non trouvé,,
CNQAOS - Centre régional de la CNQAOS,Lille,Non trouvé,Non trouvé,Non trouvé,,
CEPRESS - Centre de préparation aux études sanitaires et sociales,Toulouse,Non trouvé,Non trouvé,Non trouvé,,
Centre de préparation aux études sanitaires et sociales,Tulle,Non trouvé,Non trouvé,Non trouvé,,
cepsup - Centre de formation Pasteur-cepsup,Reims,Non trouvé,Non trouvé,Non trouvé,,
CFLC - Centre de formation Louise Couvé,Bobigny,Non trouvé,Non trouvé,Non trouvé,,
AMSNE - Association médico-sociale du Nord-Est,Nancy,Non trouvé,Non trouvé,Non trouvé,,
Assisteo,Paris,Non trouvé,Non trouvé,Non trouvé,,
APDHES Centre Pierre Veaux,Bordeaux,Non trouvé,Non trouvé,Non trouvé,,
ISO - Institut Supérieur d'Optique Bordeaux,Bordeaux,Non trouvé,Non trouvé,Non trouvé,,
ISO - Institut Supérieur d'Optique Lille,Lille,Non trouvé,Non trouvé,Non trouvé,,
Sup'Audio Paris,Paris,Non trouvé,Non trouvé,Non trouvé,,
Sup'Audio Lyon,Lyon,Non trouvé,Non trouvé,Non trouvé,,
Sup'Audio Marseille,Marseille,Non trouvé,Non trouvé,Non trouvé,,
Sup'Audio Nancy,Nancy,Non trouvé,Non trouvé,Non trouvé,,
Sup'Audio Nantes,Nantes,Non trouvé,Non trouvé,Non trouvé,,
CPES - Avignon Eurexia,Avignon,Non trouvé,Non trouvé,Non trouvé,,
CEPES - Lille IPAM,Lille,Non trouvé,Non trouvé,Non trouvé,,
Poly-Prépas,Paris,Non trouvé,Non trouvé,Non trouvé,,
Poly-Prépas - Lille,Lille,Non trouvé,Non trouvé,Non trouvé,,
Association pour le Développement de l'Apprentissage dans les Professions Sanitaires et Sociales - Ile-de-France,Paris,Non trouvé,Non trouvé,Non trouvé,,
Médisup Sciences,Paris,Non trouvé,Non trouvé,Non trouvé,,
Institut Dauphine d'Ostéopathie,Paris,Non trouvé,Non trouvé,Non trouvé,,
COS Europe -  Collège Ostéopathique,Nanterre,Non trouvé,Non trouvé,Non trouvé,,
COS Europe Collège Ostéopathique - Paris,Nanterre,Non trouvé,Non trouvé,Non trouvé,,
COB - Collège Ostéopathique de Bordeaux,Mérignac,Non trouvé,Non trouvé,Non trouvé,,
COS Europe Collège Ostéopathique - Strasbourg,Strasbourg,Non trouvé,Non trouvé,Non trouvé,,
Ecole Supérieure de Paramédical et Social de Troyes,Troyes,Non trouvé,Non trouvé,Non trouvé,,
IPEO Institut Privé d’Enseignement Ostéopathique,Bobigny,Non trouvé,Non trouvé,Non trouvé,,
InSO-Aix Institut Supérieur d'Ostéopathie d'Aix-en-Provence,Aix-en-Provence,Non trouvé,Non trouvé,Non trouvé,,
ITO - Institut Toulousain d’Ostéopathie,Labège,Non trouvé,Non trouvé,Non trouvé,,
ESO - Ecole Supérieur d'Ostéopathie,Champs-sur-Marne,Non trouvé,Non trouvé,Non trouvé,,
IRSS,,Non trouvé,Non trouvé,Non trouvé,,
IRSS - Nantes,Nantes,Non trouvé,Non trouvé,Non trouvé,,
IRSS - Rennes,Rennes,Non trouvé,Non trouvé,Non trouvé,,
IRSS  - Poitiers,Poitiers,Non trouvé,Non trouvé,Non trouvé,,
IRSS  - Tours,Tours,Non trouvé,Non trouvé,Non trouvé,,
Andrew Taylor Still Academy,Lyon,Non trouvé,Non trouvé,Non trouvé,,